title,description,url,publishedAt,source,sector
"Kevin O'Leary Made Big Bets On 'Crypto Infrastructure' Firms Like Circle, Coinbase And Robinhood – Now Aims To Bring Playbook To AI","Renowned investor and “Shark Tank” personality Kevin O’Leary revealed his pick-and-shovel strategy for cryptocurrency infrastructure companies, including...",https://finance.yahoo.com/news/kevin-oleary-made-big-bets-083106727.html,2025-08-20T08:31:06Z,Yahoo Entertainment,Technology
Trump slams 'anti-American' pushback after fresh delay to Arizona copper mine,"Two of the world's largest mining firms, Rio Tinto and BHP have been trying to develop Resolution Copper for roughly two decades.",https://www.cnbc.com/2025/08/20/copper-trump-slams-anti-american-pushback-over-arizona-project.html,2025-08-20T08:28:18Z,CNBC,Technology
Mizuho Increases Credo Technology (CRDO) Price Target on AI Deployments,"Credo Technology Group Holding Ltd. (NASDAQ:CRDO) is one of the best Russell 2000 stocks to buy now. On August 13, Mizuho Securities raised its price target ...",https://finance.yahoo.com/news/mizuho-increases-credo-technology-crdo-043406176.html,2025-08-20T04:34:06Z,Yahoo Entertainment,Technology
Thai Data Center Capacity May Triple on Surging Demand for AI,"The nation’s capacity is expected to rise to about 1 gigawatts in 2027 from 350 megawatts in 2024, said Supparat Singhara Na Ayutthaya, vice chairman of the ...",https://finance.yahoo.com/news/thai-data-center-capacity-may-041147405.html,2025-08-20T04:11:47Z,Yahoo Entertainment,Technology
SoftBank Group shares plunge over 9% as Asian tech stocks decline,"Losses were also seen in other technology stocks in South Korea, Taiwan and Hong Kong.",https://www.cnbc.com/2025/08/20/softbank-group-shares-plunge-over-9percent-as-asian-tech-stocks-decline-.html,2025-08-20T02:47:18Z,CNBC,Technology
CNBC Daily Open: Not even fire extinguishers can escape the Trump administration's tariffs,"Even as tariff-related ruction appears to be settling down, U.S. President Donald Trump is still reshaping global trade and industry — and everyday life.",https://www.cnbc.com/2025/08/20/cnbc-daily-open-not-even-fire-extinguishers-can-escape-trump-tariffs.html,2025-08-20T01:07:01Z,CNBC,Technology
Autodesk (ADSK) Flow Studio Brings Hollywood-Style AI VFX to More Creators,"Autodesk, Inc. (NASDAQ:ADSK) is one of the AI Stocks In The Spotlight For Investors. On August 12, the company announced the launch of new, more affordable...",https://finance.yahoo.com/news/autodesk-adsk-flow-studio-brings-233724820.html,2025-08-19T23:37:24Z,Yahoo Entertainment,Technology
Meta Platforms (META) Accelerates AI Race With New Lab Structure,"Meta Platforms, Inc. (NASDAQ:META) is one of the AI Stocks In The Spotlight For Investors. On August 15, The Information reported that Meta is planning its...",https://finance.yahoo.com/news/meta-platforms-meta-accelerates-ai-232601396.html,2025-08-19T23:26:01Z,Yahoo Entertainment,Technology
Alphabet (GOOGL) Boosts Capex With $9B AI and Cloud Expansion,"Alphabet Inc. (NASDAQ:GOOGL) is one of the AI Stocks In The Spotlight For Investors. On August 14, Alphabet’s Google pledged that it will spend an additional...",https://finance.yahoo.com/news/alphabet-googl-boosts-capex-9b-231941472.html,2025-08-19T23:19:41Z,Yahoo Entertainment,Technology
Fortinet (FTNT) Downgraded to Hold: Analyst Warns of Slower Growth Ahead,"Fortinet, Inc. (NASDAQ:FTNT) is one of the AI Stocks On Wall Street’s Radar. On August 14, Erste Group analyst Hans Engel downgraded the stock from Buy to...",https://finance.yahoo.com/news/fortinet-ftnt-downgraded-hold-analyst-224936429.html,2025-08-19T22:49:36Z,Yahoo Entertainment,Technology
Nvidia (NVDA) Sees a More Significant Dip Than Broader Market: Some Facts to Know,"In the closing of the recent trading day, Nvidia (NVDA) stood at $175.64, denoting a -3.5% move from the preceding trading day.",https://finance.yahoo.com/news/nvidia-nvda-sees-more-significant-214502600.html,2025-08-19T21:45:02Z,Yahoo Entertainment,Technology
Private Credit Sees AI Opportunity After Meta's $29B Deal,"The huge financing needs for developing artificial intelligence are attracting private credit firms, including some that competed for months to give Meta $29...",https://finance.yahoo.com/video/private-credit-sees-ai-opportunity-211230967.html,2025-08-19T21:12:30Z,Yahoo Entertainment,Technology
Healthy Returns: New study casts doubts on RFK Jr.'s reasons for gutting key vaccine panel,"Conflicts of interest on government vaccine panels were at historic lows before RFK Jr.'s overhaul, while Epic touts new AI tools at annual Users Group Meeting.",https://www.cnbc.com/2025/08/19/healthy-returns-new-study-casts-doubts-on-rfk-jrs-reasons-for-gutting-vaccine-panel.html,2025-08-19T20:03:01Z,CNBC,Technology
"Palantir stock slumps 9%, falling for a fifth-straight day from record",Palantir's stock fell for a fifth straight day to continue its pullback from all-time highs.,https://www.cnbc.com/2025/08/19/palantir-stock-down.html,2025-08-19T19:22:08Z,CNBC,Technology
Databricks says it's valued at over $100 billion in latest funding round,"Databricks said that it's closing a funding round that will value the company at over $100 billion, up from $62 billion late last year.",https://www.cnbc.com/2025/08/19/databricks-valuation-over-100-billion.html,2025-08-19T19:18:28Z,CNBC,Technology
POLL: 71% Fear AI Will Put Too Many Out of Work...,WASHINGTON (Reuters) -Americans are deeply concerned over the prospect that advances in artificial intelligence could put swaths of the country out of work...,https://www.yahoo.com/news/articles/americans-fear-ai-permanently-displacing-100311478.html,2025-08-19T19:00:03Z,Yahoo Entertainment,Technology
Cisco (CSCO) Price Target Lowered to $64 Despite Strong AI Narrative,"Cisco Systems, Inc. (NASDAQ:CSCO) is one of the Buzzing AI Stocks on Wall Street. On August 14, Piper Sandler analyst James Fish lowered the price target on ...",https://finance.yahoo.com/news/cisco-csco-price-target-lowered-165113606.html,2025-08-19T16:51:13Z,Yahoo Entertainment,Technology
Dayforce (DAY) Soars 26% on Acquisition Reports,We recently published 10 Stocks Shine Brighter Than Wall Street. Dayforce Inc. (NYSE:DAY) is one of Monday’s top performers. Dayforce surged by 25.98 percent...,https://finance.yahoo.com/news/dayforce-day-soars-26-acquisition-164110875.html,2025-08-19T16:41:10Z,Yahoo Entertainment,Technology
"The AI revolution will cut nearly $1 trillion a year out of S&P 500 budgets, Morgan Stanley says—largely from agents and robots doing human jobs","Read the fine print, though. The bank says this would “likely take many years to achieve,” and there’s a “significant risk” of many firms not reaching full...",https://finance.yahoo.com/news/ai-revolution-cut-nearly-1-162933183.html,2025-08-19T16:29:33Z,Yahoo Entertainment,Technology
Lutnick says Intel has to give government equity in return for CHIPS Act funds,"The potential deal would convert the CHIPS ACT grants into equity, but wouldn't come with governance rights in Intel, Lutnick said.",https://www.cnbc.com/2025/08/19/lutnick-intel-stock-chips-trump.html,2025-08-19T15:40:59Z,CNBC,Technology
"Funds With $617 Billion Turn Less Bearish on China, Survey Shows",Mainland China currently accounts for almost 28% of portfolios across nearly 300 actively-managed emerging-market funds overseeing a combined $617 billion...,https://finance.yahoo.com/news/funds-617-billion-turn-less-151711477.html,2025-08-19T15:17:11Z,Yahoo Entertainment,Technology
"US Pensions Will Ride Stock Rally to Reach 12% Gains, S&P Says","“Should US public pension plans continue to exceed expectations, with technological growth persisting as new technologies mature, and the Fed’s rates...",https://finance.yahoo.com/news/us-pensions-ride-stock-rally-151105224.html,2025-08-19T15:11:05Z,Yahoo Entertainment,Technology
Palihapitiya returns to SPAC market with American Exceptionalism's IPO filing,"American Exceptionalism Acquisition Corp, chaired by Palihapitiya, will list on the New York Stock Exchange under the ticker 'AEXA', a filing showed late on ...",https://finance.yahoo.com/news/palihapitiya-returns-spac-market-american-135721125.html,2025-08-19T13:57:21Z,Yahoo Entertainment,Technology
How Pimco Outmaneuvered Apollo and KKR to Win $29 Billion Meta Deal,The bank pitted the two teams against each other for the right to give some $29 billion to Mark Zuckerberg’s Meta Platforms Inc. so that it can build a...,https://finance.yahoo.com/news/pimco-outmaneuvered-apollo-kkr-win-130004692.html,2025-08-19T13:00:04Z,Yahoo Entertainment,Technology
Sam Altman on GPT-6: 'People want memory',OpenAI CEO Sam Altman says the next version of ChatGPT will be more personal than its predecssors.,https://www.cnbc.com/2025/08/19/sam-altman-on-gpt-6-people-want-memory.html,2025-08-19T12:30:01Z,CNBC,Technology
MLB playoff picture: Who makes the cut if the postseason started today?,"In today's edition: MLB playoff picture, AP Preseason All-Americans, all eyes on mixed doubles, Robot Olympics, 11 signatures, and more.",https://sports.yahoo.com/mlb/article/mlb-playoff-picture-who-makes-the-cut-if-the-postseason-started-today-121721394.html,2025-08-19T12:17:21Z,Yahoo Entertainment,Technology
Silicon Valley's AI deals are creating zombie startups: 'You hollowed out the organization',"Unable to make big AI purchases because of regulatory hurdles, tech giants have spent billions to buy top talent from startups, leaving behind shell companies.",https://www.cnbc.com/2025/08/19/how-ai-zombie-deals-work-meta-google.html,2025-08-19T12:12:50Z,CNBC,Technology
"The ‘shadow AI economy’ is booming: Workers at 90% of companies say they use chatbots, but most of them are hiding it from IT","“This ‘shadow AI’ often delivers better ROI than formal initiatives and reveals what actually works for bridging the divide,” MIT’s Project NANDA found.",https://finance.yahoo.com/news/shadow-ai-economy-booming-workers-120000551.html,2025-08-19T12:00:00Z,Yahoo Entertainment,Technology
"Earnings live: Home Depot results miss, Palo Alto Networks stock pops, Tesla rival Xpeng rises","The gush of second quarter earnings reports is beginning to slow to a trickle, and with most of the reports in, the results have been mostly positive.",https://finance.yahoo.com/news/live/earnings-live-home-depot-results-miss-palo-alto-networks-stock-pops-tesla-rival-xpeng-rises-114118253.html,2025-08-19T11:41:18Z,Yahoo Entertainment,Technology
"Intel’s CEO Draws Support for Revival From SoftBank, Trump","The Trump administration is in discussions to take a stake of about 10% in Intel, possibly by converting grants made to the company under the US Chips and...",https://finance.yahoo.com/news/intel-ceo-draws-support-revival-110446672.html,2025-08-19T11:04:46Z,Yahoo Entertainment,Technology
Amazon Shares Pay the Price of Remaining ‘Show-Me’ Story With AI,"The company’s shares have been lagging the Nasdaq 100 Index for most of the year, and the gap has only widened in the two weeks since Amazon’s July 31...",https://finance.yahoo.com/news/amazon-shares-pay-price-remaining-105627346.html,2025-08-19T10:56:27Z,Yahoo Entertainment,Technology
"Morning Bid: Caution on Ukraine, eyes on Jackson Hole","Subdued world markets eyed proposals for a Ukraine-Russia summit with caution, while updates on the shaky U.S. housing market on Tuesday and this week's...",https://finance.yahoo.com/news/morning-bid-caution-ukraine-eyes-103823582.html,2025-08-19T10:38:23Z,Yahoo Entertainment,Technology
Databricks eyes over $100 billion valuation as investors back AI growth plans,"The San Francisco, California-based company — with 15,000 customers, including payments firm Block, energy giant Shell and electric-vehicle maker Rivian...",https://finance.yahoo.com/news/databricks-valued-over-100-billion-101312710.html,2025-08-19T10:13:12Z,Yahoo Entertainment,Technology
"Americans fear AI permanently displacing workers, Reuters/Ipsos poll finds",WASHINGTON (Reuters) -Americans are deeply concerned over the prospect that advances in artificial intelligence could put swaths of the country out of work...,https://finance.yahoo.com/news/americans-fear-ai-permanently-displacing-100311062.html,2025-08-19T10:03:11Z,Yahoo Entertainment,Technology
Palantir And Fujitsu Deepen Partnership With New Generative AI Agreement,"Palantir Technologies Inc. (NYSE:PLTR) deepened its partnership with Fujitsu Ltd. (OTC:FJTSY) through a new licensing deal signed Aug. 5, 2025, granting...",https://finance.yahoo.com/news/palantir-fujitsu-deepen-partnership-generative-093610848.html,2025-08-19T09:36:10Z,Yahoo Entertainment,Technology
Emerging Markets: AI Boom Set to Drive Returns for Years,"Emerging-market funds are pivoting to capture the artificial intelligence craze, with some investors predicting that booming technology spending will drive...",https://finance.yahoo.com/video/emerging-markets-ai-boom-set-080938476.html,2025-08-19T08:09:38Z,Yahoo Entertainment,Technology
"Nvidia working on new AI chip for China that outperforms the H20, Reuters reports","Nvidia working on new AI chip for China that outperforms the H20, Reuters reportscnbc.com",https://www.cnbc.com/2025/08/19/nvidia-working-on-new-ai-chip-for-china-that-outperforms-the-h20-reuters-reports.html,2025-08-19T07:28:35Z,CNBC,Technology
"Warren Buffett's Berkshire Hathaway Just Exited Its Stake in T-Mobile and Loaded Up on an Artificial Intelligence (AI) Infrastructure Stock That's Risen 7,850% Since Its IPO",,https://consent.yahoo.com/v2/collectConsent?sessionId=1_cc-session_460169c5-ab02-4387-92d0-cb8049e7d72f,2025-08-19T07:27:00Z,Yahoo Entertainment,Technology
Factbox-SoftBank's growing bets on AI and semiconductor assets,"Below are major AI investments SoftBank has announced so far.  On August 18, SoftBank announced a $2 billion equity investment in Intel, saying the deal...",https://finance.yahoo.com/news/factbox-softbanks-growing-bets-ai-072152683.html,2025-08-19T07:21:52Z,Yahoo Entertainment,Technology
Factbox-SoftBank's growing bets on AI and semiconductor assets,"Below are major AI investments SoftBank has announced so far.  On August 18, SoftBank announced a $2 billion equity investment in Intel, saying the deal...",https://finance.yahoo.com/news/factbox-softbanks-growing-bets-ai-072152313.html,2025-08-19T07:21:52Z,Yahoo Entertainment,Technology
"Wall Street falls further from its records as Nvidia, Palantir and other AI stars dim",Wall Street faded on Tuesday following drops for Nvidia and other stars that have been riding the mania surrounding artificial-intelligence technology.  The ...,https://finance.yahoo.com/news/asian-shares-mixed-quiet-trading-064215387.html,2025-08-19T06:42:15Z,Yahoo Entertainment,Technology
"CNBC Daily Open: OpenAI CEO, who sparked AI frenzy, worries about AI bubble","In the real world, bubbles delight because they reflect their surroundings. But the bubble Altman described may not show the face of its observer.",https://www.cnbc.com/2025/08/19/cnbc-daily-open-openai-ceo-who-sparked-ai-frenzy-worries-about-ai-bubble.html,2025-08-19T06:30:01Z,CNBC,Technology
"Trump administration weighs 10% stake in Intel via Chip Act grants, making government top shareholder","The Trump administration is reportedly discussing a deal to take a 10% stake in Intel, which could potentially leverage Chips Act funding as part of the equity.",https://www.cnbc.com/2025/08/19/trump-administration-weighs-10percent-stake-in-intel-via-chip-act-grants.html,2025-08-19T05:32:31Z,CNBC,Technology
"CNBC Daily Open: Is the AI industry in a bubble, as OpenAI CEO says?","In the real world, bubbles delight because they reflect their surroundings. But the bubble Altman described could be one doesn't show the face of its observer.",https://www.cnbc.com/2025/08/19/cnbc-daily-open-is-the-ai-industry-in-a-bubble-as-openai-ceo-says.html,2025-08-19T01:04:19Z,CNBC,Technology
Analysts downplay AI bubble worries as Altman says some investors will be left 'very burnt',"Tech's biggest names all raised capital expenditure guidance to keep pace with AI demand, with Microsoft, Amazon, Alphabet and Meta all set to spend big.",https://www.cnbc.com/2025/08/18/altman-ai-bubble-openai.html,2025-08-19T00:51:21Z,CNBC,Technology
"Palo Alto's forecasts signal AI boost for cybersecurity tools, shares rise","(Reuters) -Palo Alto Networks (PANW) forecast fiscal 2026 revenue and profit above analysts' estimates on Monday, betting on growing demand for its...",https://finance.yahoo.com/news/palo-altos-forecasts-signals-ai-211637282.html,2025-08-18T21:16:37Z,Yahoo Entertainment,Technology
Palo Alto's forecasts signals AI boost for cybersecurity tools,"Palo Alto Networks forecast fiscal 2026 revenue and profit above Wall Street estimates on Monday, betting on growing demand for its artificial intelligence...",https://finance.yahoo.com/news/palo-altos-forecasts-signals-ai-211637480.html,2025-08-18T21:16:37Z,Yahoo Entertainment,Technology
"Earnings live: Palo Alto Networks stock pops, with retail bellwethers Walmart, Target on deck","The gush of second quarter earnings reports is beginning to slow to a trickle, and with most of the reports in, the results have been mostly positive.",https://finance.yahoo.com/news/live/earnings-live-palo-alto-networks-stock-pops-with-retail-bellwethers-walmart-target-on-deck-203137429.html,2025-08-18T20:31:37Z,Yahoo Entertainment,Technology
Bank of America suggests the era of the biggest stocks dominating markets 'may be done',"After years of large-cap outperformance, Bank of America believes the stock market may be ripe for a regime shift.",https://finance.yahoo.com/news/bank-of-america-suggests-the-era-of-the-biggest-stocks-dominating-markets-may-be-done-201336264.html,2025-08-18T20:13:36Z,Yahoo Entertainment,Technology
Mortgage rate predictions for the next 5 years,Predictions for mortgage rate trends over the next five years heavily rely on what the 10-year Treasury yield does. Learn about the rate projections through ...,https://finance.yahoo.com/personal-finance/mortgages/article/mortgage-rate-predictions-for-the-next-5-years-195826401.html,2025-08-18T19:58:26Z,Yahoo Entertainment,Technology
OpenAI's Altman warns the U.S. is underestimating China's next-gen AI threat,"Despite escalating U.S. export controls on semiconductors, Altman is unconvinced that the policy is keeping up with technical reality.",https://www.cnbc.com/2025/08/18/openai-altman-china-ai.html,2025-08-18T18:18:07Z,CNBC,Technology
TeraWulf stock jumps as Google ups stake in bitcoin miner to 14%,Terawulf stock jumped after Google upped its stake in the bitcoin miner and AI data center operator to 14%.,https://finance.yahoo.com/news/terawulf-stock-jumps-as-google-ups-stake-in-bitcoin-miner-to-14-173320607.html,2025-08-18T17:33:20Z,Yahoo Entertainment,Technology
"Wall Street Watch: Tesla (TSLA) Neutral, Robotaxi Push Targets Half of U.S.","Tesla, Inc. (NASDAQ:TSLA) is one the Buzzing AI Stocks on Wall Street. On August 15, Bank of America reiterated the stock as “Neutral” stating that the...",https://finance.yahoo.com/news/wall-street-watch-tesla-tsla-173127994.html,2025-08-18T17:31:27Z,Yahoo Entertainment,Technology
Why IBM’s High Valuation Has Analysts Concerned,"International Business Machines Corporation (NYSE:IBM) is one of the Buzzing AI Stocks on Wall Street. On August 14, Erste Group analyst Hans Engel...",https://finance.yahoo.com/news/why-ibm-high-valuation-analysts-171810349.html,2025-08-18T17:18:10Z,Yahoo Entertainment,Technology
Banco do Brasil SA BB Brasil (BDORY) Q2 2025 Earnings Call Highlights: Navigating Growth Amidst ...,"Banco do Brasil SA BB Brasil (BDORY) showcases strong financial performance and strategic innovation, while addressing increased credit costs and...",https://finance.yahoo.com/news/banco-brasil-sa-bb-brasil-170049293.html,2025-08-18T17:00:49Z,Yahoo Entertainment,Technology
Bloom Energy (BE) Jumps 23% on More Supply Deals,We recently published 10 Double-Digit Winners You Wish You Bought Yesterday. Bloom Energy Corp. (NYSE:BE) is one of the last week’s top performers. Bloom...,https://finance.yahoo.com/news/bloom-energy-jumps-23-more-163117268.html,2025-08-18T16:31:17Z,Yahoo Entertainment,Technology
"Cisco (CSCO) Beats Expectations, Analyst Cites AI and Cloud Growth Drivers","Cisco Systems, Inc. (NASDAQ:CSCO) is one of the AI Stocks Making Headlines This Week. On August 14, KeyBanc analyst Brandon Nispel reiterated an Overweight...",https://finance.yahoo.com/news/cisco-csco-beats-expectations-analyst-151536015.html,2025-08-18T15:15:36Z,Yahoo Entertainment,Technology
TeraWulf stock jumps more than 10% as Google boosts stake in datacenter operator,Fluidstack exercised an option for another 160 MW with TeraWulf after signing two 10-year computing deals last week.,https://www.cnbc.com/2025/08/18/terawulf-stock-google-stake-datacenter.html,2025-08-18T15:14:36Z,CNBC,Technology
Mizuho Boosts Dell (DELL) Price Target on Strong FY26-FY27 Outlook,"Dell Technologies Inc. (NYSE:DELL) is one of the AI Stocks Making Headlines This Week. On August 13, Mizuho analyst Vijay Rakesh raised the price target on...",https://finance.yahoo.com/news/mizuho-boosts-dell-dell-price-151240713.html,2025-08-18T15:12:40Z,Yahoo Entertainment,Technology
Cantor Reiterates Neutral on Fortinet (FTNT) With $87 Price Target,"Fortinet, Inc. (NASDAQ:FTNT) is one of the AI Stocks Making Headlines This Week. On August 15, Cantor Fitzgerald analyst Jonathan Ruykhaver reiterated a...",https://finance.yahoo.com/news/cantor-reiterates-neutral-fortinet-ftnt-150937232.html,2025-08-18T15:09:37Z,Yahoo Entertainment,Technology
AI: C3.ai Surges After Landing AI Partnership with Electrobras,Electrobras deal sparks rally in C3.ai shares,https://finance.yahoo.com/news/ai-c3-ai-surges-landing-150931881.html,2025-08-18T15:09:31Z,Yahoo Entertainment,Technology
FPA Queens Road Small Cap Value Fund Started to Trim InterDigital (IDCC),Investment management company First Pacific Advisors recently released its “FPA Queens Road Small Cap Value Fund” second-quarter 2025 investor letter. A copy...,https://finance.yahoo.com/news/fpa-queens-road-small-cap-142131364.html,2025-08-18T14:21:31Z,Yahoo Entertainment,Technology
"CVS Health upgraded, Occidental downgraded: Wall Street's top analyst calls","CVS Health upgraded, Occidental downgraded: Wall Street's top analyst calls",https://finance.yahoo.com/news/cvs-health-upgraded-occidental-downgraded-133333408.html,2025-08-18T13:33:33Z,Yahoo Entertainment,Technology
Google and Kairos Power to deploy advanced nuclear plant in Tennessee Valley Authority by 2030,It is the first deployment under an agreement that Google and Kairos signed last year to the launch the startup's nuclear technology at a commercial scale.,https://www.cnbc.com/2025/08/18/google-kairos-nuclear-smr-tennessee-valley-authority-tva-data-center-ai.html,2025-08-18T12:32:38Z,CNBC,Technology
Eletrobras partners with C3 AI to modernize Brazil's power grid,SAO PAULO (Reuters) -Brazilian power company Eletrobras has partnered with C3 AI to apply artificial intelligence to help operate the electric power...,https://finance.yahoo.com/news/eletrobras-partners-c3-ai-modernize-110351192.html,2025-08-18T11:03:51Z,Yahoo Entertainment,Technology
"Dell (DELL) Stock: Price Target Raised, But Headwinds Still Loom","Dell Technologies Inc. (NYSE:DELL) is one of the Must-Watch AI Stocks on Wall Street. On August 13, Susquehanna analyst Mehdi Hosseini raised the firm’s...",https://finance.yahoo.com/news/dell-dell-stock-price-target-105729416.html,2025-08-18T10:57:29Z,Yahoo Entertainment,Technology
"Fewer fake firs, higher prices: China tariff delay does little to save the holidays",NEW YORK/SHANGHAI (Reuters) -U.S. shoppers looking for fake Christmas trees and holiday decor this year will have fewer choices and face higher prices as...,https://finance.yahoo.com/news/fewer-fake-firs-higher-prices-100444257.html,2025-08-18T10:04:44Z,Yahoo Entertainment,Technology
Why Investors Are Turning to Freshworks (FRSH) for AI Exposure,"Freshworks Inc. (NASDAQ:FRSH) is one of the Must-Watch AI Stocks on Wall Street. On August 11, Oppenheimer analyst Brian Schwartz reiterated an Outperform...",https://finance.yahoo.com/news/why-investors-turning-freshworks-frsh-100438755.html,2025-08-18T10:04:38Z,Yahoo Entertainment,Technology
Barclays sees short-term upside for U.S. software despite AI uncertainty in Q2,"Investing.com -- U.S. software stocks may see short-term gains in the current earnings cycle, even as questions over artificial intelligence remain a source ...",https://finance.yahoo.com/news/barclays-sees-short-term-upside-083955638.html,2025-08-18T08:39:55Z,Yahoo Entertainment,Technology
OpenAI's Sam Altman sees AI bubble forming as industry spending surges,"OpenAI CEO Sam Altman thinks the artificial intelligence market is in a bubble, similar to the dotcom bubble, he recently told reporters.",https://www.cnbc.com/2025/08/18/openai-sam-altman-warns-ai-market-is-in-a-bubble.html,2025-08-18T07:51:41Z,CNBC,Technology
"Hijacked satellites and orbiting space weapons: In the 21st century, space is the new battlefield","As Russia held its Victory Day parade this year, hackers backing the Kremlin hijacked an orbiting satellite that provides television service to Ukraine.  The...",https://www.yahoo.com/news/articles/hijacked-satellites-orbiting-space-weapons-041615145.html,2025-08-18T04:16:15Z,Yahoo Entertainment,Technology
Scientists raise alarm over unexpected wildlife behavior around solar farms: 'Leading them off course',Unseen consequences will need to be addressed.,https://www.yahoo.com/news/articles/scientists-raise-alarm-over-unexpected-031500436.html,2025-08-18T03:15:00Z,Yahoo Entertainment,Technology
LifeStance Health (LFST) Accelerates Growth with AI-Enabled Operations and Clinician Expansion,"We recently published 12 Best Healthcare Stocks to Buy Under $30. LifeStance Health Group, Inc. (NASDAQ:LFST) is one of the best healthcare stocks...",https://finance.yahoo.com/news/lifestance-health-lfst-accelerates-growth-222027062.html,2025-08-17T22:20:27Z,Yahoo Entertainment,Technology
Recursion Pharmaceuticals (RXRX) Expands AI Drug Discovery Pipeline with New Clinical Candid,"We recently published 12 Best Healthcare Stocks to Buy Under $30. Recursion Pharmaceuticals, Inc. (NASDAQ:RXRX) is one of the best healthcare stocks...",https://finance.yahoo.com/news/recursion-pharmaceuticals-rxrx-expands-ai-221633385.html,2025-08-17T22:16:33Z,Yahoo Entertainment,Technology
Why Amazon’s (AMZN) Diversification Strategy Keeps It on Wall Street’s Radar,"Amazon.com, Inc. (NASDAQ:AMZN) is one of the AI Stocks Investors Are Watching Right Now. On August 13, Telsey analyst Joseph Feldman reiterated an Outperform...",https://finance.yahoo.com/news/why-amazon-amzn-diversification-strategy-212627287.html,2025-08-17T21:26:27Z,Yahoo Entertainment,Technology
Inside the Race to Secure GenAI,How one Vice President is monitoring the shift artificial intelligence tools across workflows.,https://creators.yahoo.com/lifestyle/story/inside-the-race-to-secure-genai-211012652.html,2025-08-17T21:10:12Z,Yahoo Entertainment,Technology
SentinelOne (S) Expands Mimecast Partnership to Advance Human-Centric Cybersecurity,"SentinelOne, Inc. (NYSE:S is one of the best mid cap AI stocks to buy right now. SentinelOne, Inc. (NYSE:S) is one of the best midcap AI stocks to buy right ...",https://finance.yahoo.com/news/sentinelone-expands-mimecast-partnership-advance-203046812.html,2025-08-17T20:30:46Z,Yahoo Entertainment,Technology
Prediction: 2 Artificial Intelligence (AI) Stocks That Will Be Worth More Than Nvidia by 2030,,https://consent.yahoo.com/v2/collectConsent?sessionId=1_cc-session_4dbfd713-ae17-42e0-878e-e60c4b1ee549,2025-08-17T15:05:00Z,Yahoo Entertainment,Technology
Trump administration tiptoes into testing prior authorization in traditional Medicare,The Centers for Medicare & Medicaid Services recently announced a new program to test prior authorization in original Medicare for certain services in six...,https://finance.yahoo.com/news/trump-administration-tiptoes-into-testing-prior-authorization-in-traditional-medicare-143012089.html,2025-08-17T14:30:12Z,Yahoo Entertainment,Technology
"UCLA's training camp a real tearjerker as players, coaches open up to bond","As part of coach DeShaun Foster's efforts to connect a team featuring 55 new players and eight new assistant coaches, everyone participated in brotherhood meetings.",https://sports.yahoo.com/article/uclas-training-camp-real-tearjerker-110000322.html,2025-08-17T11:00:00Z,Yahoo Entertainment,Technology
Salesforce (CRM) Inks Agreement to Purchase Bluebirds,"Salesforce, Inc. (NYSE:CRM) is one of the top stocks sold by hedge funds. On July 31, Salesforce announced an agreement to purchase Bluebirds, a leading AI...",https://finance.yahoo.com/news/salesforce-crm-inks-agreement-purchase-071753948.html,2025-08-17T07:17:53Z,Yahoo Entertainment,Technology
Tech startup creates incredible device that could solve serious issue with modern electronics: 'Likely to become a standard',It has huge potential to revolutionize many industries.,https://tech.yahoo.com/science/articles/tech-startup-creates-incredible-device-064500821.html,2025-08-17T06:45:00Z,Yahoo Entertainment,Technology
"Gartner, Inc. (IT): A Bull Case Theory","We came across a bullish thesis on Gartner, Inc. on Value investing subreddit by tomlerr. In this article, we will summarize the bulls’ thesis on IT. Gartner...",https://finance.yahoo.com/news/gartner-inc-bull-case-theory-034553593.html,2025-08-17T03:45:53Z,Yahoo Entertainment,Technology
"Applied Materials, Inc. (AMAT): A Bull Case Theory","We came across a bullish thesis on Applied Materials, Inc. on Stock Analysis Compilation’s Substack. In this article, we will summarize the bulls’ thesis on ...",https://finance.yahoo.com/news/applied-materials-inc-amat-bull-034225962.html,2025-08-17T03:42:25Z,Yahoo Entertainment,Technology
"Delgado, Choinière score behind ninth clean sheet for Lloris as LAFC blanks Revolution 2-0",Mark Delgado scored early in the second half and Mathieu Choinière found the net in stoppage time to lead Los Angeles FC to a 2-0 victory over the New...,https://sports.yahoo.com/article/delgado-choini-score-behind-ninth-015155400.html,2025-08-17T01:51:55Z,Yahoo Entertainment,Technology
3 Best ChatGPTs for Investors,Here are the three best ChatGPTs for investors.,https://finance.yahoo.com/news/3-best-chatgpts-investors-230120034.html,2025-08-16T23:01:20Z,Yahoo Entertainment,Technology
"CEO Says AI Is Taking On 'Soul-Crushing Jobs' With Agents That Work 24/7, Never Eat, And Never Need Benefits","Artificial intelligence is rapidly reshaping how major companies run their operations, with some executives saying it's already transforming the workforce...",https://finance.yahoo.com/news/ceo-says-ai-taking-soul-173137629.html,2025-08-16T17:31:37Z,Yahoo Entertainment,Technology
AI CapEx is a 'stimulus-level' boost to economy & productivity,"Markets (^GSPC, ^IXIC, ^DJI) are pushing higher as investors eye artificial intelligence (AI)–linked capital expenditures (CapEx) and productivity ...",https://finance.yahoo.com/video/ai-capex-stimulus-level-boost-170029875.html,2025-08-16T17:00:29Z,Yahoo Entertainment,Technology
"Bill Gates meets Willy Wonka: How Epic's 82-year-old billionaire CEO, Judy Faulkner, built her software factory",Judy Faulkner has run Epic Systems for 46 years and has a detailed plan for what happens when she's no longer the boss.,https://www.cnbc.com/2025/08/16/how-epics-82-year-old-ceo-judy-faulkner-built-her-software-factory.html,2025-08-16T15:58:36Z,CNBC,Technology
This week in Trumponomics: Everybody's worried about stocks,The Trump economy is sputtering while stocks keep drifting higher. Can it continue?,https://finance.yahoo.com/news/this-week-in-trumponomics-everybodys-worried-about-stocks-140013739.html,2025-08-16T14:00:13Z,Yahoo Entertainment,Technology
